rank,title,hot_value,url,crawl_time
发展冰雪产业丰富群众冰雪赛事活动,发展冰雪产业丰富群众冰雪赛事活动,N/A,https://tophub.todayhttps://s.weibo.com/weibo?q=%E5%8F%91%E5%B1%95%E5%86%B0%E9%9B%AA%E4%BA%A7%E4%B8%9A%E4%B8%B0%E5%AF%8C%E7%BE%A4%E4%BC%97%E5%86%B0%E9%9B%AA%E8%B5%9B%E4%BA%8B%E6%B4%BB%E5%8A%A8,20250117_172300
公安机关公布王星被骗至缅甸细节,公安机关公布王星被骗至缅甸细节,N/A,https://tophub.todayhttps://s.weibo.com/weibo?q=%E5%85%AC%E5%AE%89%E6%9C%BA%E5%85%B3%E5%85%AC%E5%B8%83%E7%8E%8B%E6%98%9F%E8%A2%AB%E9%AA%97%E8%87%B3%E7%BC%85%E7%94%B8%E7%BB%86%E8%8A%82,20250117_172300
沈月居然是flandre表姐,沈月居然是flandre表姐,N/A,https://tophub.todayhttps://s.weibo.com/weibo?q=%E6%B2%88%E6%9C%88%E5%B1%85%E7%84%B6%E6%98%AFflandre%E8%A1%A8%E5%A7%90,20250117_172300
这些非遗一出过年DNA动了,这些非遗一出过年DNA动了,N/A,https://tophub.todayhttps://s.weibo.com/weibo?q=%E8%BF%99%E4%BA%9B%E9%9D%9E%E9%81%97%E4%B8%80%E5%87%BA%E8%BF%87%E5%B9%B4DNA%E5%8A%A8%E4%BA%86,20250117_172300
新年五福一桶到位,新年五福一桶到位,N/A,https://tophub.todayhttps://s.weibo.com/weibo?q=%E6%96%B0%E5%B9%B4%E4%BA%94%E7%A6%8F%E4%B8%80%E6%A1%B6%E5%88%B0%E4%BD%8D,20250117_172300
人民网评大奉打更人,人民网评大奉打更人,N/A,https://tophub.todayhttps://s.weibo.com/weibo?q=%E4%BA%BA%E6%B0%91%E7%BD%91%E8%AF%84%E5%A4%A7%E5%A5%89%E6%89%93%E6%9B%B4%E4%BA%BA,20250117_172300
女子鼻骨骨折一个月后直接美出新高度,女子鼻骨骨折一个月后直接美出新高度,N/A,https://tophub.todayhttps://s.weibo.com/weibo?q=%E5%A5%B3%E5%AD%90%E9%BC%BB%E9%AA%A8%E9%AA%A8%E6%8A%98%E4%B8%80%E4%B8%AA%E6%9C%88%E5%90%8E%E7%9B%B4%E6%8E%A5%E7%BE%8E%E5%87%BA%E6%96%B0%E9%AB%98%E5%BA%A6,20250117_172300
小米全球总部15元的员工餐,小米全球总部15元的员工餐,N/A,https://tophub.todayhttps://s.weibo.com/weibo?q=%E5%B0%8F%E7%B1%B3%E5%85%A8%E7%90%83%E6%80%BB%E9%83%A815%E5%85%83%E7%9A%84%E5%91%98%E5%B7%A5%E9%A4%90,20250117_172300
公安机关查处网络谣言,公安机关查处网络谣言,N/A,https://tophub.todayhttps://s.weibo.com/weibo?q=%E5%85%AC%E5%AE%89%E6%9C%BA%E5%85%B3%E6%9F%A5%E5%A4%84%E7%BD%91%E7%BB%9C%E8%B0%A3%E8%A8%80,20250117_172300
漂白马桶冲出20斤人体组织,漂白马桶冲出20斤人体组织,N/A,https://tophub.todayhttps://s.weibo.com/weibo?q=%E6%BC%82%E7%99%BD%E9%A9%AC%E6%A1%B6%E5%86%B2%E5%87%BA20%E6%96%A4%E4%BA%BA%E4%BD%93%E7%BB%84%E7%BB%87,20250117_172300
杨紫李现新剧豆瓣开分7.8,杨紫李现新剧豆瓣开分7.8,N/A,https://tophub.todayhttps://s.weibo.com/weibo?q=%E6%9D%A8%E7%B4%AB%E6%9D%8E%E7%8E%B0%E6%96%B0%E5%89%A7%E8%B1%86%E7%93%A3%E5%BC%80%E5%88%867.8,20250117_172300
我国2024年出生954万人,我国2024年出生954万人,N/A,https://tophub.todayhttps://s.weibo.com/weibo?q=%E6%88%91%E5%9B%BD2024%E5%B9%B4%E5%87%BA%E7%94%9F954%E4%B8%87%E4%BA%BA,20250117_172300
30万年终奖送往年会途中丢了,30万年终奖送往年会途中丢了,N/A,https://tophub.todayhttps://s.weibo.com/weibo?q=30%E4%B8%87%E5%B9%B4%E7%BB%88%E5%A5%96%E9%80%81%E5%BE%80%E5%B9%B4%E4%BC%9A%E9%80%94%E4%B8%AD%E4%B8%A2%E4%BA%86,20250117_172300
TikTok禁令将交由特朗普决定,TikTok禁令将交由特朗普决定,N/A,https://tophub.todayhttps://s.weibo.com/weibo?q=TikTok%E7%A6%81%E4%BB%A4%E5%B0%86%E4%BA%A4%E7%94%B1%E7%89%B9%E6%9C%97%E6%99%AE%E5%86%B3%E5%AE%9A,20250117_172300
中美网友聊嗨了,中美网友聊嗨了,N/A,https://tophub.todayhttps://s.weibo.com/weibo?q=%E4%B8%AD%E7%BE%8E%E7%BD%91%E5%8F%8B%E8%81%8A%E5%97%A8%E4%BA%86,20250117_172300
贺峻霖这个是真大学生,贺峻霖这个是真大学生,N/A,https://tophub.todayhttps://s.weibo.com/weibo?q=%E8%B4%BA%E5%B3%BB%E9%9C%96%E8%BF%99%E4%B8%AA%E6%98%AF%E7%9C%9F%E5%A4%A7%E5%AD%A6%E7%94%9F,20250117_172300
李昀锐留洋男大即视感,李昀锐留洋男大即视感,N/A,https://tophub.todayhttps://s.weibo.com/weibo?q=%E6%9D%8E%E6%98%80%E9%94%90%E7%95%99%E6%B4%8B%E7%94%B7%E5%A4%A7%E5%8D%B3%E8%A7%86%E6%84%9F,20250117_172300
父母出资购房离婚后女方分得60万,父母出资购房离婚后女方分得60万,N/A,https://tophub.todayhttps://s.weibo.com/weibo?q=%E7%88%B6%E6%AF%8D%E5%87%BA%E8%B5%84%E8%B4%AD%E6%88%BF%E7%A6%BB%E5%A9%9A%E5%90%8E%E5%A5%B3%E6%96%B9%E5%88%86%E5%BE%9760%E4%B8%87,20250117_172300
陈丽君与法国歌手合唱越剧,陈丽君与法国歌手合唱越剧,N/A,https://tophub.todayhttps://s.weibo.com/weibo?q=%E9%99%88%E4%B8%BD%E5%90%9B%E4%B8%8E%E6%B3%95%E5%9B%BD%E6%AD%8C%E6%89%8B%E5%90%88%E5%94%B1%E8%B6%8A%E5%89%A7,20250117_172300
以旧换新补贴家电新增4类产品,以旧换新补贴家电新增4类产品,N/A,https://tophub.todayhttps://s.weibo.com/weibo?q=%E4%BB%A5%E6%97%A7%E6%8D%A2%E6%96%B0%E8%A1%A5%E8%B4%B4%E5%AE%B6%E7%94%B5%E6%96%B0%E5%A2%9E4%E7%B1%BB%E4%BA%A7%E5%93%81,20250117_172300
关晓彤吃完糖葫芦快乐的撒欢儿了,关晓彤吃完糖葫芦快乐的撒欢儿了,N/A,https://tophub.todayhttps://s.weibo.com/weibo?q=%E5%85%B3%E6%99%93%E5%BD%A4%E5%90%83%E5%AE%8C%E7%B3%96%E8%91%AB%E8%8A%A6%E5%BF%AB%E4%B9%90%E7%9A%84%E6%92%92%E6%AC%A2%E5%84%BF%E4%BA%86,20250117_172300
第一次感受到催婚的窒息感,第一次感受到催婚的窒息感,N/A,https://tophub.todayhttps://s.weibo.com/weibo?q=%E7%AC%AC%E4%B8%80%E6%AC%A1%E6%84%9F%E5%8F%97%E5%88%B0%E5%82%AC%E5%A9%9A%E7%9A%84%E7%AA%92%E6%81%AF%E6%84%9F,20250117_172300
国乒亚洲杯参赛名单,国乒亚洲杯参赛名单,N/A,https://tophub.todayhttps://s.weibo.com/weibo?q=%E5%9B%BD%E4%B9%92%E4%BA%9A%E6%B4%B2%E6%9D%AF%E5%8F%82%E8%B5%9B%E5%90%8D%E5%8D%95,20250117_172300
鹿哈向女友求婚成功,鹿哈向女友求婚成功,N/A,https://tophub.todayhttps://s.weibo.com/weibo?q=%E9%B9%BF%E5%93%88%E5%90%91%E5%A5%B3%E5%8F%8B%E6%B1%82%E5%A9%9A%E6%88%90%E5%8A%9F,20250117_172300
白月梵星开分5.9,白月梵星开分5.9,N/A,https://tophub.todayhttps://s.weibo.com/weibo?q=%E7%99%BD%E6%9C%88%E6%A2%B5%E6%98%9F%E5%BC%80%E5%88%865.9,20250117_172300
被谎称死胎送人当事小伙现状,被谎称死胎送人当事小伙现状,N/A,https://tophub.todayhttps://s.weibo.com/weibo?q=%E8%A2%AB%E8%B0%8E%E7%A7%B0%E6%AD%BB%E8%83%8E%E9%80%81%E4%BA%BA%E5%BD%93%E4%BA%8B%E5%B0%8F%E4%BC%99%E7%8E%B0%E7%8A%B6,20250117_172300
国乒回应亚洲杯名单,国乒回应亚洲杯名单,N/A,https://tophub.todayhttps://s.weibo.com/weibo?q=%E5%9B%BD%E4%B9%92%E5%9B%9E%E5%BA%94%E4%BA%9A%E6%B4%B2%E6%9D%AF%E5%90%8D%E5%8D%95,20250117_172300
TikTok日活降至8220万,TikTok日活降至8220万,N/A,https://tophub.todayhttps://s.weibo.com/weibo?q=TikTok%E6%97%A5%E6%B4%BB%E9%99%8D%E8%87%B38220%E4%B8%87,20250117_172300
因吵架妻子胎停丈夫崩溃大哭,因吵架妻子胎停丈夫崩溃大哭,N/A,https://tophub.todayhttps://s.weibo.com/weibo?q=%E5%9B%A0%E5%90%B5%E6%9E%B6%E5%A6%BB%E5%AD%90%E8%83%8E%E5%81%9C%E4%B8%88%E5%A4%AB%E5%B4%A9%E6%BA%83%E5%A4%A7%E5%93%AD,20250117_172300
大奉打更人埋了33集的伏笔,大奉打更人埋了33集的伏笔,N/A,https://tophub.todayhttps://s.weibo.com/weibo?q=%E5%A4%A7%E5%A5%89%E6%89%93%E6%9B%B4%E4%BA%BA%E5%9F%8B%E4%BA%8633%E9%9B%86%E7%9A%84%E4%BC%8F%E7%AC%94,20250117_172300
荣耀赵明辞职,荣耀赵明辞职,N/A,https://tophub.todayhttps://s.weibo.com/weibo?q=%E8%8D%A3%E8%80%80%E8%B5%B5%E6%98%8E%E8%BE%9E%E8%81%8C,20250117_172300
胡歌刘诗诗一路前行预告,胡歌刘诗诗一路前行预告,N/A,https://tophub.todayhttps://s.weibo.com/weibo?q=%E8%83%A1%E6%AD%8C%E5%88%98%E8%AF%97%E8%AF%97%E4%B8%80%E8%B7%AF%E5%89%8D%E8%A1%8C%E9%A2%84%E5%91%8A,20250117_172300
最适合小小的老子脾气爆的找到了,最适合小小的老子脾气爆的找到了,N/A,https://tophub.todayhttps://s.weibo.com/weibo?q=%E6%9C%80%E9%80%82%E5%90%88%E5%B0%8F%E5%B0%8F%E7%9A%84%E8%80%81%E5%AD%90%E8%84%BE%E6%B0%94%E7%88%86%E7%9A%84%E6%89%BE%E5%88%B0%E4%BA%86,20250117_172300
拜登计划把烫手山芋留给特朗普,拜登计划把烫手山芋留给特朗普,N/A,https://tophub.todayhttps://s.weibo.com/weibo?q=%E6%8B%9C%E7%99%BB%E8%AE%A1%E5%88%92%E6%8A%8A%E7%83%AB%E6%89%8B%E5%B1%B1%E8%8A%8B%E7%95%99%E7%BB%99%E7%89%B9%E6%9C%97%E6%99%AE,20250117_172300
王鹤棣红眼流泪镜头,王鹤棣红眼流泪镜头,N/A,https://tophub.todayhttps://s.weibo.com/weibo?q=%E7%8E%8B%E9%B9%A4%E6%A3%A3%E7%BA%A2%E7%9C%BC%E6%B5%81%E6%B3%AA%E9%95%9C%E5%A4%B4,20250117_172300
学8年中医外国人因TikTok难民破防了,学8年中医外国人因TikTok难民破防了,N/A,https://tophub.todayhttps://s.weibo.com/weibo?q=%E5%AD%A68%E5%B9%B4%E4%B8%AD%E5%8C%BB%E5%A4%96%E5%9B%BD%E4%BA%BA%E5%9B%A0TikTok%E9%9A%BE%E6%B0%91%E7%A0%B4%E9%98%B2%E4%BA%86,20250117_172300
白鹿说汤唯是妈妈降临,白鹿说汤唯是妈妈降临,N/A,https://tophub.todayhttps://s.weibo.com/weibo?q=%E7%99%BD%E9%B9%BF%E8%AF%B4%E6%B1%A4%E5%94%AF%E6%98%AF%E5%A6%88%E5%A6%88%E9%99%8D%E4%B8%B4,20250117_172300
徐克面对肖战就像是小朋友,徐克面对肖战就像是小朋友,N/A,https://tophub.todayhttps://s.weibo.com/weibo?q=%E5%BE%90%E5%85%8B%E9%9D%A2%E5%AF%B9%E8%82%96%E6%88%98%E5%B0%B1%E5%83%8F%E6%98%AF%E5%B0%8F%E6%9C%8B%E5%8F%8B,20250117_172300
登陆少年新音彩排图释出,登陆少年新音彩排图释出,N/A,https://tophub.todayhttps://s.weibo.com/weibo?q=%E7%99%BB%E9%99%86%E5%B0%91%E5%B9%B4%E6%96%B0%E9%9F%B3%E5%BD%A9%E6%8E%92%E5%9B%BE%E9%87%8A%E5%87%BA,20250117_172300
杨幂2025年第一个梗来了,杨幂2025年第一个梗来了,N/A,https://tophub.todayhttps://s.weibo.com/weibo?q=%E6%9D%A8%E5%B9%822025%E5%B9%B4%E7%AC%AC%E4%B8%80%E4%B8%AA%E6%A2%97%E6%9D%A5%E4%BA%86,20250117_172300
经济总量首超130万亿意味着什么,经济总量首超130万亿意味着什么,N/A,https://tophub.todayhttps://s.weibo.com/weibo?q=%E7%BB%8F%E6%B5%8E%E6%80%BB%E9%87%8F%E9%A6%96%E8%B6%85130%E4%B8%87%E4%BA%BF%E6%84%8F%E5%91%B3%E7%9D%80%E4%BB%80%E4%B9%88,20250117_172300
人体最大免疫器官竟是它,人体最大免疫器官竟是它,N/A,https://tophub.todayhttps://s.weibo.com/weibo?q=%E4%BA%BA%E4%BD%93%E6%9C%80%E5%A4%A7%E5%85%8D%E7%96%AB%E5%99%A8%E5%AE%98%E7%AB%9F%E6%98%AF%E5%AE%83,20250117_172300
2024年中国GDP同比增长5%,2024年中国GDP同比增长5%,N/A,https://tophub.todayhttps://s.weibo.com/weibo?q=2024%E5%B9%B4%E4%B8%AD%E5%9B%BDGDP%E5%90%8C%E6%AF%94%E5%A2%9E%E9%95%BF5%25,20250117_172300
赵明因身体原因辞职,赵明因身体原因辞职,N/A,https://tophub.todayhttps://s.weibo.com/weibo?q=%E8%B5%B5%E6%98%8E%E5%9B%A0%E8%BA%AB%E4%BD%93%E5%8E%9F%E5%9B%A0%E8%BE%9E%E8%81%8C,20250117_172300
美网络攻击我国某先进材料设计研究院,美网络攻击我国某先进材料设计研究院,N/A,https://tophub.todayhttps://s.weibo.com/weibo?q=%E7%BE%8E%E7%BD%91%E7%BB%9C%E6%94%BB%E5%87%BB%E6%88%91%E5%9B%BD%E6%9F%90%E5%85%88%E8%BF%9B%E6%9D%90%E6%96%99%E8%AE%BE%E8%AE%A1%E7%A0%94%E7%A9%B6%E9%99%A2,20250117_172300
全力捣毁境外电诈窝点,全力捣毁境外电诈窝点,N/A,https://tophub.todayhttps://s.weibo.com/weibo?q=%E5%85%A8%E5%8A%9B%E6%8D%A3%E6%AF%81%E5%A2%83%E5%A4%96%E7%94%B5%E8%AF%88%E7%AA%9D%E7%82%B9,20250117_172300
宋亚轩彩排图,宋亚轩彩排图,N/A,https://tophub.todayhttps://s.weibo.com/weibo?q=%E5%AE%8B%E4%BA%9A%E8%BD%A9%E5%BD%A9%E6%8E%92%E5%9B%BE,20250117_172300
短剧导演编剧岗平均月薪过万,短剧导演编剧岗平均月薪过万,N/A,https://tophub.todayhttps://s.weibo.com/weibo?q=%E7%9F%AD%E5%89%A7%E5%AF%BC%E6%BC%94%E7%BC%96%E5%89%A7%E5%B2%97%E5%B9%B3%E5%9D%87%E6%9C%88%E8%96%AA%E8%BF%87%E4%B8%87,20250117_172300
一线城市房价环比上涨,一线城市房价环比上涨,N/A,https://tophub.todayhttps://s.weibo.com/weibo?q=%E4%B8%80%E7%BA%BF%E5%9F%8E%E5%B8%82%E6%88%BF%E4%BB%B7%E7%8E%AF%E6%AF%94%E4%B8%8A%E6%B6%A8,20250117_172300
在世界第一高桥上走惊险又刺激,在世界第一高桥上走惊险又刺激,N/A,https://tophub.todayhttps://s.weibo.com/weibo?q=%E5%9C%A8%E4%B8%96%E7%95%8C%E7%AC%AC%E4%B8%80%E9%AB%98%E6%A1%A5%E4%B8%8A%E8%B5%B0%E6%83%8A%E9%99%A9%E5%8F%88%E5%88%BA%E6%BF%80,20250117_172300
孙颖莎领衔国乒亚洲杯女单名单,孙颖莎领衔国乒亚洲杯女单名单,N/A,https://tophub.todayhttps://s.weibo.com/weibo?q=%E5%AD%99%E9%A2%96%E8%8E%8E%E9%A2%86%E8%A1%94%E5%9B%BD%E4%B9%92%E4%BA%9A%E6%B4%B2%E6%9D%AF%E5%A5%B3%E5%8D%95%E5%90%8D%E5%8D%95,20250117_172300
徐克看肖战一遍过的反应,徐克看肖战一遍过的反应,N/A,https://tophub.todayhttps://s.weibo.com/weibo?q=%E5%BE%90%E5%85%8B%E7%9C%8B%E8%82%96%E6%88%98%E4%B8%80%E9%81%8D%E8%BF%87%E7%9A%84%E5%8F%8D%E5%BA%94,20250117_172300
拜登告别演讲称必须让社交平台担责,拜登告别演讲称必须让社交平台担责,N/A,https://tophub.todayhttps://s.weibo.com/weibo?q=%E6%8B%9C%E7%99%BB%E5%91%8A%E5%88%AB%E6%BC%94%E8%AE%B2%E7%A7%B0%E5%BF%85%E9%A1%BB%E8%AE%A9%E7%A4%BE%E4%BA%A4%E5%B9%B3%E5%8F%B0%E6%8B%85%E8%B4%A3,20250117_172300
谁懂时光英都篇第四集含金量,谁懂时光英都篇第四集含金量,N/A,https://tophub.todayhttps://s.weibo.com/weibo?q=%E8%B0%81%E6%87%82%E6%97%B6%E5%85%89%E8%8B%B1%E9%83%BD%E7%AF%87%E7%AC%AC%E5%9B%9B%E9%9B%86%E5%90%AB%E9%87%91%E9%87%8F,20250117_172300
我看到可能真的会扫码,我看到可能真的会扫码,N/A,https://tophub.todayhttps://s.weibo.com/weibo?q=%E6%88%91%E7%9C%8B%E5%88%B0%E5%8F%AF%E8%83%BD%E7%9C%9F%E7%9A%84%E4%BC%9A%E6%89%AB%E7%A0%81,20250117_172300
马龙时尚时装周首秀,马龙时尚时装周首秀,N/A,https://tophub.todayhttps://s.weibo.com/weibo?q=%E9%A9%AC%E9%BE%99%E6%97%B6%E5%B0%9A%E6%97%B6%E8%A3%85%E5%91%A8%E9%A6%96%E7%A7%80,20250117_172300
凤凰传奇官宣超级巅峰之夜,凤凰传奇官宣超级巅峰之夜,N/A,https://tophub.todayhttps://s.weibo.com/weibo?q=%E5%87%A4%E5%87%B0%E4%BC%A0%E5%A5%87%E5%AE%98%E5%AE%A3%E8%B6%85%E7%BA%A7%E5%B7%85%E5%B3%B0%E4%B9%8B%E5%A4%9C,20250117_172300
徐杰当选CBA全明星总票王,徐杰当选CBA全明星总票王,N/A,https://tophub.todayhttps://s.weibo.com/weibo?q=%E5%BE%90%E6%9D%B0%E5%BD%93%E9%80%89CBA%E5%85%A8%E6%98%8E%E6%98%9F%E6%80%BB%E7%A5%A8%E7%8E%8B,20250117_172300
林高远出战亚洲杯,林高远出战亚洲杯,N/A,https://tophub.todayhttps://s.weibo.com/weibo?q=%E6%9E%97%E9%AB%98%E8%BF%9C%E5%87%BA%E6%88%98%E4%BA%9A%E6%B4%B2%E6%9D%AF,20250117_172300
杨超越无名之辈2演厂妹,杨超越无名之辈2演厂妹,N/A,https://tophub.todayhttps://s.weibo.com/weibo?q=%E6%9D%A8%E8%B6%85%E8%B6%8A%E6%97%A0%E5%90%8D%E4%B9%8B%E8%BE%882%E6%BC%94%E5%8E%82%E5%A6%B9,20250117_172300
马嘉祺彩排图,马嘉祺彩排图,N/A,https://tophub.todayhttps://s.weibo.com/weibo?q=%E9%A9%AC%E5%98%89%E7%A5%BA%E5%BD%A9%E6%8E%92%E5%9B%BE,20250117_172300
白鹿说花粉事业心强随正主,白鹿说花粉事业心强随正主,N/A,https://tophub.todayhttps://s.weibo.com/weibo?q=%E7%99%BD%E9%B9%BF%E8%AF%B4%E8%8A%B1%E7%B2%89%E4%BA%8B%E4%B8%9A%E5%BF%83%E5%BC%BA%E9%9A%8F%E6%AD%A3%E4%B8%BB,20250117_172300
教长辈用好手机有多难,教长辈用好手机有多难,N/A,https://tophub.todayhttps://s.weibo.com/weibo?q=%E6%95%99%E9%95%BF%E8%BE%88%E7%94%A8%E5%A5%BD%E6%89%8B%E6%9C%BA%E6%9C%89%E5%A4%9A%E9%9A%BE,20250117_172300
九尾春节上分妆造,九尾春节上分妆造,N/A,https://tophub.todayhttps://s.weibo.com/weibo?q=%E4%B9%9D%E5%B0%BE%E6%98%A5%E8%8A%82%E4%B8%8A%E5%88%86%E5%A6%86%E9%80%A0,20250117_172300
肖战全情投入塑造角色,肖战全情投入塑造角色,N/A,https://tophub.todayhttps://s.weibo.com/weibo?q=%E8%82%96%E6%88%98%E5%85%A8%E6%83%85%E6%8A%95%E5%85%A5%E5%A1%91%E9%80%A0%E8%A7%92%E8%89%B2,20250117_172300
手机购新补贴无需交旧手机,手机购新补贴无需交旧手机,N/A,https://tophub.todayhttps://s.weibo.com/weibo?q=%E6%89%8B%E6%9C%BA%E8%B4%AD%E6%96%B0%E8%A1%A5%E8%B4%B4%E6%97%A0%E9%9C%80%E4%BA%A4%E6%97%A7%E6%89%8B%E6%9C%BA,20250117_172300
flandrelpl出道十周年,flandrelpl出道十周年,N/A,https://tophub.todayhttps://s.weibo.com/weibo?q=flandrelpl%E5%87%BA%E9%81%93%E5%8D%81%E5%91%A8%E5%B9%B4,20250117_172300
国产剧有了反丧失式中年男主,国产剧有了反丧失式中年男主,N/A,https://tophub.todayhttps://s.weibo.com/weibo?q=%E5%9B%BD%E4%BA%A7%E5%89%A7%E6%9C%89%E4%BA%86%E5%8F%8D%E4%B8%A7%E5%A4%B1%E5%BC%8F%E4%B8%AD%E5%B9%B4%E7%94%B7%E4%B8%BB,20250117_172300
异人之下2陈朵毒杀廖忠,异人之下2陈朵毒杀廖忠,N/A,https://tophub.todayhttps://s.weibo.com/weibo?q=%E5%BC%82%E4%BA%BA%E4%B9%8B%E4%B8%8B2%E9%99%88%E6%9C%B5%E6%AF%92%E6%9D%80%E5%BB%96%E5%BF%A0,20250117_172300
盒子灯是非遗版惊喜盲盒,盒子灯是非遗版惊喜盲盒,N/A,https://tophub.todayhttps://s.weibo.com/weibo?q=%E7%9B%92%E5%AD%90%E7%81%AF%E6%98%AF%E9%9D%9E%E9%81%97%E7%89%88%E6%83%8A%E5%96%9C%E7%9B%B2%E7%9B%92,20250117_172300
蔡程昱生日包直播的,蔡程昱生日包直播的,N/A,https://tophub.todayhttps://s.weibo.com/weibo?q=%E8%94%A1%E7%A8%8B%E6%98%B1%E7%94%9F%E6%97%A5%E5%8C%85%E7%9B%B4%E6%92%AD%E7%9A%84,20250117_172300
贾玲说是观众救了我,贾玲说是观众救了我,N/A,https://tophub.todayhttps://s.weibo.com/weibo?q=%E8%B4%BE%E7%8E%B2%E8%AF%B4%E6%98%AF%E8%A7%82%E4%BC%97%E6%95%91%E4%BA%86%E6%88%91,20250117_172300
吴谨言月色雪色绝色,吴谨言月色雪色绝色,N/A,https://tophub.todayhttps://s.weibo.com/weibo?q=%E5%90%B4%E8%B0%A8%E8%A8%80%E6%9C%88%E8%89%B2%E9%9B%AA%E8%89%B2%E7%BB%9D%E8%89%B2,20250117_172300
冰雪大世界偶遇虞书欣林一,冰雪大世界偶遇虞书欣林一,N/A,https://tophub.todayhttps://s.weibo.com/weibo?q=%E5%86%B0%E9%9B%AA%E5%A4%A7%E4%B8%96%E7%95%8C%E5%81%B6%E9%81%87%E8%99%9E%E4%B9%A6%E6%AC%A3%E6%9E%97%E4%B8%80,20250117_172300
丁程鑫彩排图,丁程鑫彩排图,N/A,https://tophub.todayhttps://s.weibo.com/weibo?q=%E4%B8%81%E7%A8%8B%E9%91%AB%E5%BD%A9%E6%8E%92%E5%9B%BE,20250117_172300
卢昱晓不语只是一味剧宣,卢昱晓不语只是一味剧宣,N/A,https://tophub.todayhttps://s.weibo.com/weibo?q=%E5%8D%A2%E6%98%B1%E6%99%93%E4%B8%8D%E8%AF%AD%E5%8F%AA%E6%98%AF%E4%B8%80%E5%91%B3%E5%89%A7%E5%AE%A3,20250117_172300
TTG久哲正式连接,TTG久哲正式连接,N/A,https://tophub.todayhttps://s.weibo.com/weibo?q=TTG%E4%B9%85%E5%93%B2%E6%AD%A3%E5%BC%8F%E8%BF%9E%E6%8E%A5,20250117_172300
2024经济年报,2024经济年报,N/A,https://tophub.todayhttps://s.weibo.com/weibo?q=2024%E7%BB%8F%E6%B5%8E%E5%B9%B4%E6%8A%A5,20250117_172300
国产剧恶女赛道又上新了,国产剧恶女赛道又上新了,N/A,https://tophub.todayhttps://s.weibo.com/weibo?q=%E5%9B%BD%E4%BA%A7%E5%89%A7%E6%81%B6%E5%A5%B3%E8%B5%9B%E9%81%93%E5%8F%88%E4%B8%8A%E6%96%B0%E4%BA%86,20250117_172300
aespa球服,aespa球服,N/A,https://tophub.todayhttps://s.weibo.com/weibo?q=aespa%E7%90%83%E6%9C%8D,20250117_172300
小车遭重卡撞击人员毫发无伤,小车遭重卡撞击人员毫发无伤,N/A,https://tophub.todayhttps://s.weibo.com/weibo?q=%E5%B0%8F%E8%BD%A6%E9%81%AD%E9%87%8D%E5%8D%A1%E6%92%9E%E5%87%BB%E4%BA%BA%E5%91%98%E6%AF%AB%E5%8F%91%E6%97%A0%E4%BC%A4,20250117_172300
央视网文娱评国色芳华,央视网文娱评国色芳华,N/A,https://tophub.todayhttps://s.weibo.com/weibo?q=%E5%A4%AE%E8%A7%86%E7%BD%91%E6%96%87%E5%A8%B1%E8%AF%84%E5%9B%BD%E8%89%B2%E8%8A%B3%E5%8D%8E,20250117_172300
我国60岁以上人口首次突破3亿,我国60岁以上人口首次突破3亿,N/A,https://tophub.todayhttps://s.weibo.com/weibo?q=%E6%88%91%E5%9B%BD60%E5%B2%81%E4%BB%A5%E4%B8%8A%E4%BA%BA%E5%8F%A3%E9%A6%96%E6%AC%A1%E7%AA%81%E7%A0%B43%E4%BA%BF,20250117_172300
周深9.29Hz的奇迹时刻,周深9.29Hz的奇迹时刻,N/A,https://tophub.todayhttps://s.weibo.com/weibo?q=%E5%91%A8%E6%B7%B19.29Hz%E7%9A%84%E5%A5%87%E8%BF%B9%E6%97%B6%E5%88%BB,20250117_172300
井胧井迪心眼子都使在对方身上了,井胧井迪心眼子都使在对方身上了,N/A,https://tophub.todayhttps://s.weibo.com/weibo?q=%E4%BA%95%E8%83%A7%E4%BA%95%E8%BF%AA%E5%BF%83%E7%9C%BC%E5%AD%90%E9%83%BD%E4%BD%BF%E5%9C%A8%E5%AF%B9%E6%96%B9%E8%BA%AB%E4%B8%8A%E4%BA%86,20250117_172300
漂白刷新国产犯罪剧尺度,漂白刷新国产犯罪剧尺度,N/A,https://tophub.todayhttps://s.weibo.com/weibo?q=%E6%BC%82%E7%99%BD%E5%88%B7%E6%96%B0%E5%9B%BD%E4%BA%A7%E7%8A%AF%E7%BD%AA%E5%89%A7%E5%B0%BA%E5%BA%A6,20250117_172300
世界之外我即传说,世界之外我即传说,N/A,https://tophub.todayhttps://s.weibo.com/weibo?q=%E4%B8%96%E7%95%8C%E4%B9%8B%E5%A4%96%E6%88%91%E5%8D%B3%E4%BC%A0%E8%AF%B4,20250117_172300
王栎鑫又哭成悲伤蛙,王栎鑫又哭成悲伤蛙,N/A,https://tophub.todayhttps://s.weibo.com/weibo?q=%E7%8E%8B%E6%A0%8E%E9%91%AB%E5%8F%88%E5%93%AD%E6%88%90%E6%82%B2%E4%BC%A4%E8%9B%99,20250117_172300
横竖都第一的大桥合龙,横竖都第一的大桥合龙,N/A,https://tophub.todayhttps://s.weibo.com/weibo?q=%E6%A8%AA%E7%AB%96%E9%83%BD%E7%AC%AC%E4%B8%80%E7%9A%84%E5%A4%A7%E6%A1%A5%E5%90%88%E9%BE%99,20250117_172300
张艺兴央视蛇年春晚第三次联排,张艺兴央视蛇年春晚第三次联排,N/A,https://tophub.todayhttps://s.weibo.com/weibo?q=%E5%BC%A0%E8%89%BA%E5%85%B4%E5%A4%AE%E8%A7%86%E8%9B%87%E5%B9%B4%E6%98%A5%E6%99%9A%E7%AC%AC%E4%B8%89%E6%AC%A1%E8%81%94%E6%8E%92,20250117_172300
张雅钦眼中是泪口中是刀,张雅钦眼中是泪口中是刀,N/A,https://tophub.todayhttps://s.weibo.com/weibo?q=%E5%BC%A0%E9%9B%85%E9%92%A6%E7%9C%BC%E4%B8%AD%E6%98%AF%E6%B3%AA%E5%8F%A3%E4%B8%AD%E6%98%AF%E5%88%80,20250117_172300
国防部新春祝福,国防部新春祝福,N/A,https://tophub.todayhttps://s.weibo.com/weibo?q=%E5%9B%BD%E9%98%B2%E9%83%A8%E6%96%B0%E6%98%A5%E7%A5%9D%E7%A6%8F,20250117_172300
时代少年团现场彩排图送达,时代少年团现场彩排图送达,N/A,https://tophub.todayhttps://s.weibo.com/weibo?q=%E6%97%B6%E4%BB%A3%E5%B0%91%E5%B9%B4%E5%9B%A2%E7%8E%B0%E5%9C%BA%E5%BD%A9%E6%8E%92%E5%9B%BE%E9%80%81%E8%BE%BE,20250117_172300
张帅晋级澳网混双16强,张帅晋级澳网混双16强,N/A,https://tophub.todayhttps://s.weibo.com/weibo?q=%E5%BC%A0%E5%B8%85%E6%99%8B%E7%BA%A7%E6%BE%B3%E7%BD%91%E6%B7%B7%E5%8F%8C16%E5%BC%BA,20250117_172300
当我用人民币打开上海迪士尼,当我用人民币打开上海迪士尼,N/A,https://tophub.todayhttps://s.weibo.com/weibo?q=%E5%BD%93%E6%88%91%E7%94%A8%E4%BA%BA%E6%B0%91%E5%B8%81%E6%89%93%E5%BC%80%E4%B8%8A%E6%B5%B7%E8%BF%AA%E5%A3%AB%E5%B0%BC,20250117_172300
山东省考成绩,山东省考成绩,N/A,https://tophub.todayhttps://s.weibo.com/weibo?q=%E5%B1%B1%E4%B8%9C%E7%9C%81%E8%80%83%E6%88%90%E7%BB%A9,20250117_172300
贺峻霖彩排图,贺峻霖彩排图,N/A,https://tophub.todayhttps://s.weibo.com/weibo?q=%E8%B4%BA%E5%B3%BB%E9%9C%96%E5%BD%A9%E6%8E%92%E5%9B%BE,20250117_172300
全力解救泰缅边境失联被困中国公民,全力解救泰缅边境失联被困中国公民,N/A,https://tophub.todayhttps://s.weibo.com/weibo?q=%E5%85%A8%E5%8A%9B%E8%A7%A3%E6%95%91%E6%B3%B0%E7%BC%85%E8%BE%B9%E5%A2%83%E5%A4%B1%E8%81%94%E8%A2%AB%E5%9B%B0%E4%B8%AD%E5%9B%BD%E5%85%AC%E6%B0%91,20250117_172300
王影璐唱歌好像当过兵,王影璐唱歌好像当过兵,N/A,https://tophub.todayhttps://s.weibo.com/weibo?q=%E7%8E%8B%E5%BD%B1%E7%92%90%E5%94%B1%E6%AD%8C%E5%A5%BD%E5%83%8F%E5%BD%93%E8%BF%87%E5%85%B5,20250117_172300
王鹤棣竹林武打戏,王鹤棣竹林武打戏,N/A,https://tophub.todayhttps://s.weibo.com/weibo?q=%E7%8E%8B%E9%B9%A4%E6%A3%A3%E7%AB%B9%E6%9E%97%E6%AD%A6%E6%89%93%E6%88%8F,20250117_172300
养了40年的蜡烛居然如此壮观,养了40年的蜡烛居然如此壮观,N/A,https://tophub.todayhttps://s.weibo.com/weibo?q=%E5%85%BB%E4%BA%8640%E5%B9%B4%E7%9A%84%E8%9C%A1%E7%83%9B%E5%B1%85%E7%84%B6%E5%A6%82%E6%AD%A4%E5%A3%AE%E8%A7%82,20250117_172300
朴彩英否认恋情传闻,朴彩英否认恋情传闻,N/A,https://tophub.todayhttps://s.weibo.com/weibo?q=%E6%9C%B4%E5%BD%A9%E8%8B%B1%E5%90%A6%E8%AE%A4%E6%81%8B%E6%83%85%E4%BC%A0%E9%97%BB,20250117_172300
全力解救在泰缅边境失联被困中国公民,全力解救在泰缅边境失联被困中国公民,N/A,https://tophub.todayhttps://s.weibo.com/weibo?q=%E5%85%A8%E5%8A%9B%E8%A7%A3%E6%95%91%E5%9C%A8%E6%B3%B0%E7%BC%85%E8%BE%B9%E5%A2%83%E5%A4%B1%E8%81%94%E8%A2%AB%E5%9B%B0%E4%B8%AD%E5%9B%BD%E5%85%AC%E6%B0%91,20250117_172300
李现三年三部湖南卫视上星剧,李现三年三部湖南卫视上星剧,N/A,https://tophub.todayhttps://s.weibo.com/weibo?q=%E6%9D%8E%E7%8E%B0%E4%B8%89%E5%B9%B4%E4%B8%89%E9%83%A8%E6%B9%96%E5%8D%97%E5%8D%AB%E8%A7%86%E4%B8%8A%E6%98%9F%E5%89%A7,20250117_172300
卷王徐克也是被肖战卷到了,卷王徐克也是被肖战卷到了,N/A,https://tophub.todayhttps://s.weibo.com/weibo?q=%E5%8D%B7%E7%8E%8B%E5%BE%90%E5%85%8B%E4%B9%9F%E6%98%AF%E8%A2%AB%E8%82%96%E6%88%98%E5%8D%B7%E5%88%B0%E4%BA%86,20250117_172300
杨超越电影无名之辈2出场镜头,杨超越电影无名之辈2出场镜头,N/A,https://tophub.todayhttps://s.weibo.com/weibo?q=%E6%9D%A8%E8%B6%85%E8%B6%8A%E7%94%B5%E5%BD%B1%E6%97%A0%E5%90%8D%E4%B9%8B%E8%BE%882%E5%87%BA%E5%9C%BA%E9%95%9C%E5%A4%B4,20250117_172300
猫耳十周年启动,猫耳十周年启动,N/A,https://tophub.todayhttps://s.weibo.com/weibo?q=%E7%8C%AB%E8%80%B3%E5%8D%81%E5%91%A8%E5%B9%B4%E5%90%AF%E5%8A%A8,20250117_172300
千万不要给老外看甄嬛传,千万不要给老外看甄嬛传,N/A,https://tophub.todayhttps://s.weibo.com/weibo?q=%E5%8D%83%E4%B8%87%E4%B8%8D%E8%A6%81%E7%BB%99%E8%80%81%E5%A4%96%E7%9C%8B%E7%94%84%E5%AC%9B%E4%BC%A0,20250117_172300
原来韩国的电影院是不检票的,原来韩国的电影院是不检票的,N/A,https://tophub.todayhttps://s.weibo.com/weibo?q=%E5%8E%9F%E6%9D%A5%E9%9F%A9%E5%9B%BD%E7%9A%84%E7%94%B5%E5%BD%B1%E9%99%A2%E6%98%AF%E4%B8%8D%E6%A3%80%E7%A5%A8%E7%9A%84,20250117_172300
中泰警方已联手抓获12名犯罪嫌疑人,中泰警方已联手抓获12名犯罪嫌疑人,N/A,https://tophub.todayhttps://s.weibo.com/weibo?q=%E4%B8%AD%E6%B3%B0%E8%AD%A6%E6%96%B9%E5%B7%B2%E8%81%94%E6%89%8B%E6%8A%93%E8%8E%B712%E5%90%8D%E7%8A%AF%E7%BD%AA%E5%AB%8C%E7%96%91%E4%BA%BA,20250117_172300
郭京飞直播憋屈爆了,郭京飞直播憋屈爆了,N/A,https://tophub.todayhttps://s.weibo.com/weibo?q=%E9%83%AD%E4%BA%AC%E9%A3%9E%E7%9B%B4%E6%92%AD%E6%86%8B%E5%B1%88%E7%88%86%E4%BA%86,20250117_172300
娜扎没有技巧就是硬飒,娜扎没有技巧就是硬飒,N/A,https://tophub.todayhttps://s.weibo.com/weibo?q=%E5%A8%9C%E6%89%8E%E6%B2%A1%E6%9C%89%E6%8A%80%E5%B7%A7%E5%B0%B1%E6%98%AF%E7%A1%AC%E9%A3%92,20250117_172300
韩安冉说外国主播干不过中国主播,韩安冉说外国主播干不过中国主播,N/A,https://tophub.todayhttps://s.weibo.com/weibo?q=%E9%9F%A9%E5%AE%89%E5%86%89%E8%AF%B4%E5%A4%96%E5%9B%BD%E4%B8%BB%E6%92%AD%E5%B9%B2%E4%B8%8D%E8%BF%87%E4%B8%AD%E5%9B%BD%E4%B8%BB%E6%92%AD,20250117_172300
国色芳华好讽刺的一句话,国色芳华好讽刺的一句话,N/A,https://tophub.todayhttps://s.weibo.com/weibo?q=%E5%9B%BD%E8%89%B2%E8%8A%B3%E5%8D%8E%E5%A5%BD%E8%AE%BD%E5%88%BA%E7%9A%84%E4%B8%80%E5%8F%A5%E8%AF%9D,20250117_172300
无名之辈23王俊凯镜头,无名之辈23王俊凯镜头,N/A,https://tophub.todayhttps://s.weibo.com/weibo?q=%E6%97%A0%E5%90%8D%E4%B9%8B%E8%BE%8823%E7%8E%8B%E4%BF%8A%E5%87%AF%E9%95%9C%E5%A4%B4,20250117_172300
周一围请苍天辨忠奸,周一围请苍天辨忠奸,N/A,https://tophub.todayhttps://s.weibo.com/weibo?q=%E5%91%A8%E4%B8%80%E5%9B%B4%E8%AF%B7%E8%8B%8D%E5%A4%A9%E8%BE%A8%E5%BF%A0%E5%A5%B8,20250117_172300
漂白定档即开播,漂白定档即开播,N/A,https://tophub.todayhttps://s.weibo.com/weibo?q=%E6%BC%82%E7%99%BD%E5%AE%9A%E6%A1%A3%E5%8D%B3%E5%BC%80%E6%92%AD,20250117_172300
